<?xml version="1.0" encoding="UTF-8"?>
<configuration>

	<appender name="consoleAppender" class="ch.qos.logback.core.ConsoleAppender">
		<encoder>
			<Pattern>%d{HH:mm:ss.SSS} [%thread] %-5level %logger{35} - %msg %n</Pattern>
		</encoder>
		<filter class="ch.qos.logback.classic.filter.ThresholdFilter">
			<level>TRACE</level> <!-- TRACE / DEBUG / INFO -->
		</filter>
	</appender>

  	<appender name="dailyRollingFileAppender" class="ch.qos.logback.core.rolling.RollingFileAppender">
		<File>logs/halo_aws_${user.name}.log</File>
		<rollingPolicy class="ch.qos.logback.core.rolling.TimeBasedRollingPolicy">
		    <!-- daily rollover -->
			<FileNamePattern>logs/halo_aws_${user.name}.%d{yyyy-MM-dd}.log</FileNamePattern>
			<!-- keep 30 days' worth of history -->
			<maxHistory>30</maxHistory>
		</rollingPolicy>

		<encoder>
			<Pattern>%d{yyyy-MM-dd HH:mm:ss.SSS} [%thread] %-5level %logger{36} - %msg %n</Pattern>
		</encoder>
  	</appender>
	
	<logger name="org.apache.zookeeper" additivity="false">
	    <level value="WARN" />
		<appender-ref ref="dailyRollingFileAppender"/>
		<appender-ref ref="consoleAppender" />
	</logger>
	

	<root>
		<!-- <level value="INFO" /> -->
		<!-- <level value="DEBUG" /> -->
		<level value="INFO" />
		<appender-ref ref="consoleAppender" />
		<appender-ref ref="dailyRollingFileAppender" />
	</root>

</configuration>
